Measure,Value
Count,50.0
sum,722.0
Mean,14.440000000000003
Min,0.0
Max,36.0
Range,36.0
Variance,103.31265306122451
Std. Dev,10.16428320449723
