Measure,Value
Count,50.0
sum,2380.0
Mean,47.599999999999994
Min,19.0
Max,90.0
Range,71.0
Variance,204.28571428571428
Std. Dev,14.292855358035156
