Measure,Value
Count,50.0
sum,602.0
Mean,12.040000000000001
Min,0.0
Max,33.0
Range,33.0
Variance,79.67183673469388
Std. Dev,8.925908174224844
