Measure,Value
Count,50.0
sum,2269.0
Mean,45.38
Min,13.0
Max,87.0
Range,74.0
Variance,252.60775510204084
Std. Dev,15.893638825078442
