Measure,Value
Count,50.0
sum,606.0
Mean,12.12
Min,0.0
Max,32.0
Range,32.0
Variance,76.7608163265306
Std. Dev,8.761325032581007
