Measure,Value
Count,50.0
sum,514.0
Mean,10.279999999999998
Min,0.0
Max,33.0
Range,33.0
Variance,81.92
Std. Dev,9.050966799187808
