Measure,Value
Count,50.0
sum,2415.0
Mean,48.300000000000004
Min,12.0
Max,87.0
Range,75.0
Variance,245.60204081632656
Std. Dev,15.671695530998761
