Measure,Value
Count,50.0
sum,2148.0
Mean,42.96
Min,5.0
Max,80.0
Range,75.0
Variance,285.0595918367346
Std. Dev,16.883707881763847
