Measure,Value
Count,50.0
sum,26.0
Mean,0.5199999999999999
Min,0.0
Max,2.0
Range,2.0
Variance,0.29551020408163275
Std. Dev,0.5436085025840129
