Measure,Value
Count,50.0
sum,23.0
Mean,0.45999999999999996
Min,0.0
Max,2.0
Range,2.0
Variance,0.41673469387755097
Std. Dev,0.6455499158682859
