Measure,Value
Count,50.0
sum,78.0
Mean,1.5600000000000003
Min,0.0
Max,3.0
Range,3.0
Variance,0.45551020408163273
Std. Dev,0.6749149606295839
