Measure,Value
Count,50.0
sum,21.0
Mean,0.41999999999999993
Min,0.0
Max,2.0
Range,2.0
Variance,0.28938775510204084
Std. Dev,0.5379477252503637
