Measure,Value
Count,50.0
sum,81.0
Mean,1.6199999999999997
Min,0.0
Max,3.0
Range,3.0
Variance,0.4853061224489795
Std. Dev,0.6966391622992347
