Measure,Value
Count,50.0
sum,24.0
Mean,0.47999999999999987
Min,0.0
Max,2.0
Range,2.0
Variance,0.29551020408163264
Std. Dev,0.5436085025840128
