Measure,Value
Count,50.0
sum,10.0
Mean,0.20000000000000004
Min,0.0
Max,1.0
Range,1.0
Variance,0.16326530612244897
Std. Dev,0.40406101782088427
