Measure,Value
Count,50.0
sum,14.0
Mean,0.2800000000000001
Min,0.0
Max,1.0
Range,1.0
Variance,0.2057142857142857
Std. Dev,0.4535573676110727
