Measure,Value
Count,50.0
sum,72.0
Mean,1.44
Min,0.0
Max,3.0
Range,3.0
Variance,0.537142857142857
Std. Dev,0.7329003050503233
