Measure,Value
Count,1282.0
sum,31468.0
Mean,24.546021840873664
Min,1.0
Max,102.0
Range,101.0
Variance,444.26524957953836
Std. Dev,21.077600659931345
