Measure,Value
Count,2677.0
sum,65551.0
Mean,24.48673888681364
Min,1.0
Max,108.0
Range,107.0
Variance,477.55485023560635
Std. Dev,21.853028399643065
