Measure,Value
Count,1350.0
sum,32761.0
Mean,24.26740740740744
Min,1.0
Max,108.0
Range,107.0
Variance,522.2953787442012
Std. Dev,22.853782591601796
