Measure,Value
Count,1572.0
sum,33079.0
Mean,21.042620865139913
Min,1.0
Max,108.0
Range,107.0
Variance,485.266801019756
Std. Dev,22.028772117840703
