Measure,Value
Count,2655.0
sum,64496.0
Mean,24.292278719397363
Min,1.0
Max,108.0
Range,107.0
Variance,476.90399084918835
Std. Dev,21.838131578713146
