Measure,Value
Count,3062.0
sum,66397.0
Mean,21.684193337687805
Min,1.0
Max,108.0
Range,107.0
Variance,468.47161547126484
Std. Dev,21.644205124496136
