Measure,Value
Count,1490.0
sum,33318.0
Mean,22.361073825503357
Min,1.0
Max,108.0
Range,107.0
Variance,450.1730975701001
Std. Dev,21.21728299217645
