Measure,Value
Count,1306.0
sum,32508.0
Mean,24.89127105666156
Min,1.0
Max,102.0
Range,101.0
Variance,443.0287819847091
Std. Dev,21.04824890542463
