Measure,Value
Count,1317.0
sum,32288.0
Mean,24.516324981017473
Min,1.0
Max,102.0
Range,101.0
Variance,444.921655784884
Std. Dev,21.093166092004395
