Measure,Value
Count,1338.0
sum,32208.0
Mean,24.07174887892379
Min,1.0
Max,108.0
Range,107.0
Variance,508.64256702140847
Std. Dev,22.55310548508583
