Measure,Value
Count,2632.0
sum,64229.0
Mean,24.403115501519782
Min,1.0
Max,108.0
Range,107.0
Variance,484.124399259935
Std. Dev,22.00282707426332
