Measure,Value
Count,1371.0
sum,33043.0
Mean,24.101385849744776
Min,1.0
Max,108.0
Range,107.0
Variance,510.48679369845695
Std. Dev,22.593954804293492
