Measure,Value
Count,2682.0
sum,277853.0
Mean,103.59917971662925
Min,89.0
Max,117.0
Range,28.0
Variance,39.28687735746979
Std. Dev,6.267924485622796
