Measure,Value
Count,2705.0
sum,279890.0
Mean,103.47134935305013
Min,88.0
Max,117.0
Range,29.0
Variance,39.82249614454924
Std. Dev,6.310506805681239
