Measure,Value
Count,3112.0
sum,261296.0
Mean,83.96401028277617
Min,69.0
Max,117.0
Range,48.0
Variance,81.61490490249773
Std. Dev,9.034096795059135
