Measure,Value
Count,2727.0
sum,282345.0
Mean,103.53685368536864
Min,88.0
Max,117.0
Range,29.0
Variance,38.9061064580413
Std. Dev,6.237475968534172
