Measure,Value
Count,7615.0
sum,419132.0
Mean,55.04031516743276
Min,1.0
Max,186.0
Range,185.0
Variance,2085.583218182755
Std. Dev,45.66818606188289
