Measure,Value
Count,7615.0
sum,11276.0
Mean,1.4807616546290254
Min,0.0
Max,3.0
Range,3.0
Variance,1.2593816105073732
Std. Dev,1.122221729653892
