Measure,Count,sum,Mean,Min,Max,Range,Variance,Std. Dev
TakeTilesAction,100.0,7615.0,76.15000000000003,71.0,100.0,29.0,29.502525252525235,5.431622708963246
