Measure,Value
Count,2607.0
sum,268129.0
Mean,102.84963559647112
Min,88.0
Max,117.0
Range,29.0
Variance,43.97354457168709
Std. Dev,6.631255127929183
