Measure,Value
Count,3002.0
sum,250386.0
Mean,83.40639573617594
Min,68.0
Max,117.0
Range,49.0
Variance,88.6778397873597
Std. Dev,9.416891195472086
