Measure,Value
Count,50.0
sum,511.0
Mean,10.219999999999997
Min,0.0
Max,40.0
Range,40.0
Variance,80.33836734693875
Std. Dev,8.963167260903857
