Measure,Value
Count,50.0
sum,523.0
Mean,10.46
Min,0.0
Max,27.0
Range,27.0
Variance,48.53918367346938
Std. Dev,6.967006794418201
