Measure,Value
Count,50.0
sum,2534.0
Mean,50.67999999999999
Min,7.0
Max,92.0
Range,85.0
Variance,417.7322448979593
Std. Dev,20.438499086233296
