Measure,Value
Count,50.0
sum,2138.0
Mean,42.75999999999999
Min,9.0
Max,109.0
Range,100.0
Variance,411.8595918367347
Std. Dev,20.294324128601442
