Measure,Value
Count,3130.0
sum,1892.0
Mean,0.604472843450479
Min,0.0
Max,7.0
Range,7.0
Variance,1.0605105082108293
Std. Dev,1.0298109089589356
