Measure,Value
Count,2709.0
sum,1138.0
Mean,0.42008121077888616
Min,0.0
Max,6.0
Range,6.0
Variance,0.46083736415569704
Std. Dev,0.6788500306810754
