Measure,Value
Count,2709.0
sum,5184.0
Mean,1.9136212624584734
Min,0.0
Max,7.0
Range,7.0
Variance,4.085593565515251
Std. Dev,2.0212851272186345
