Measure,Value
Count,3130.0
sum,6612.0
Mean,2.1124600638977635
Min,0.0
Max,7.0
Range,7.0
Variance,4.595210628797704
Std. Dev,2.143644240259494
