Measure,Value
Count,50.0
sum,2524.0
Mean,50.480000000000004
Min,46.0
Max,58.0
Range,12.0
Variance,7.642448979591836
Std. Dev,2.764497961582145
