Measure,Value
Count,50.0
sum,2659.0
Mean,53.180000000000014
Min,49.0
Max,60.0
Range,11.0
Variance,7.701632653061226
Std. Dev,2.775181553171112
