Measure,Value
Count,50.0
sum,42.69147085099752
Mean,0.8538294170199503
Min,0.8059701492537313
Max,0.8888888888888888
Range,0.0829187396351575
Variance,3.331258921544932E-4
Std. Dev,0.018251736688723437
