Measure,Value
Count,50.0
sum,3030.0
Mean,60.60000000000001
Min,52.0
Max,80.0
Range,28.0
Variance,28.285714285714278
Std. Dev,5.318431562567509
