Measure,Value
Count,50.0
sum,2630.0
Mean,52.6
Min,45.0
Max,72.0
Range,27.0
Variance,22.693877551020403
Std. Dev,4.763809143009447
