Measure,Value
Count,50.0
sum,2406.0
Mean,48.12
Min,44.0
Max,53.0
Range,9.0
Variance,4.43428571428571
Std. Dev,2.1057743740215167
