Measure,Value
Count,50.0
sum,2557.0
Mean,51.14
Min,46.0
Max,58.0
Range,12.0
Variance,5.306530612244898
Std. Dev,2.3035908083348695
