Measure,Value
Count,50.0
sum,2483.0
Mean,49.660000000000004
Min,44.0
Max,60.0
Range,16.0
Variance,10.963673469387757
Std. Dev,3.3111438309725774
