Measure,Value
Count,50.0
sum,2902.0
Mean,58.04
Min,52.0
Max,70.0
Range,18.0
Variance,13.590204081632656
Std. Dev,3.686489398008986
