Measure,Value
Count,50.0
sum,42.05349452632146
Mean,0.8410698905264294
Min,0.8035714285714286
Max,0.8793103448275862
Range,0.07573891625615758
Variance,2.8282591848845094E-4
Std. Dev,0.016817429009466665
