Measure,Value
Count,50.0
sum,49.0
Mean,0.9800000000000002
Min,0.0
Max,9.0
Range,9.0
Variance,4.468979591836734
Std. Dev,2.1139961191631205
