Measure,Value
Count,50.0
sum,2318.0
Mean,46.359999999999985
Min,24.0
Max,73.0
Range,49.0
Variance,178.27591836734695
Std. Dev,13.352000538022269
