Measure,Value
Count,50.0
sum,2540.0
Mean,50.80000000000001
Min,14.0
Max,101.0
Range,87.0
Variance,360.0408163265306
Std. Dev,18.97474153517066
