Measure,Value
Count,50.0
sum,44.0
Mean,0.8800000000000002
Min,0.0
Max,12.0
Range,12.0
Variance,4.515918367346938
Std. Dev,2.1250690264899488
