Measure,Value
Count,2709.0
sum,280694.0
Mean,103.61535622000744
Min,89.0
Max,117.0
Range,28.0
Variance,36.17843470503985
Std. Dev,6.014851178960278
