Measure,Value
Count,3130.0
sum,264145.0
Mean,84.39137380191691
Min,69.0
Max,117.0
Range,48.0
Variance,74.6288165844207
Std. Dev,8.638797172316336
