Measure,Value
Count,3062.0
sum,79.11610000000009
Mean,0.025838047028086224
Min,0.0105
Max,7.8509
Range,7.8404
Variance,0.020778340201738393
Std. Dev,0.14414693961974492
