Measure,Value
Count,2655.0
sum,1317.0
Mean,0.4960451977401128
Min,0.0
Max,1.0
Range,1.0
Variance,0.2500785510837495
Std. Dev,0.5000785449144459
