Measure,Value
Count,2655.0
sum,16.407199999999968
Mean,0.0061797363465160016
Min,0.0015
Max,2.0127
Range,2.0112
Variance,0.0025548540654918815
Std. Dev,0.050545564251394816
