Measure,Value
Count,2677.0
sum,1306.0
Mean,0.48785954426596834
Min,0.0
Max,1.0
Range,1.0
Variance,0.2499459772752778
Std. Dev,0.4999459743565076
