Measure,Value
Count,3062.0
sum,15.283699999999811
Mean,0.004991410842586539
Min,0.0013
Max,1.5188
Range,1.5174999999999998
Variance,0.0011904285345002157
Std. Dev,0.03450258735950415
