Measure,Value
Count,2655.0
sum,81.72840000000006
Mean,0.030782824858757083
Min,0.0125
Max,5.39
Range,5.3774999999999995
Variance,0.014968664557955423
Std. Dev,0.12234649385231856
