Measure,Value
Count,2632.0
sum,52.642100000000106
Mean,0.020000797872340437
Min,0.0122
Max,0.3266
Range,0.3144
Variance,1.978039332286086E-4
Std. Dev,0.014064278624537008
