Measure,Value
Count,2632.0
sum,6.06149999999999
Mean,0.002303001519756841
Min,7.0E-4
Max,0.1435
Range,0.14279999999999998
Variance,1.0142184069933089E-5
Std. Dev,0.0031846795866983368
