Measure,Value
Count,3062.0
sum,2642.957600000009
Mean,0.8631474853037225
Min,0.0
Max,17.1824
Range,17.1824
Variance,2.011160342383418
Std. Dev,1.4181538500400503
