Measure,Value
Count,2632.0
sum,1759.530300000001
Mean,0.6685145516717312
Min,0.0034
Max,10.7353
Range,10.731900000000001
Variance,0.7142851243453715
Std. Dev,0.845153905715031
