Measure,Value
Count,2677.0
sum,12.880900000000011
Mean,0.0048116921927530785
Min,0.0016
Max,0.4486
Range,0.447
Variance,1.8023014351060073E-4
Std. Dev,0.013424982067421942
