Measure,Value
Count,2655.0
sum,2414.1257000000014
Mean,0.9092752165725051
Min,0.0033
Max,17.1406
Range,17.1373
Variance,1.58336454772014
Std. Dev,1.2583181424902607
