Measure,Value
Count,2677.0
sum,78.22580000000018
Mean,0.02922144191258872
Min,0.0123
Max,6.2118
Range,6.1995000000000005
Variance,0.02391174742497538
Std. Dev,0.15463423755745484
