Measure,Value
Count,3062.0
sum,8.732900000000011
Mean,0.0028520248203788377
Min,2.0E-4
Max,0.3044
Range,0.3042
Variance,8.905618505263452E-5
Std. Dev,0.009436958464072762
