Measure,Value
Count,2632.0
sum,1282.0
Mean,0.48708206686930133
Min,0.0
Max,1.0
Range,1.0
Variance,0.24992808448253717
Std. Dev,0.49992807930995153
