Measure,Value
Count,2677.0
sum,7.883700000000012
Mean,0.002944975719088533
Min,7.0E-4
Max,0.3801
Range,0.3794
Variance,6.106109302071055E-5
Std. Dev,0.007814159777014452
