Measure,Value
Count,2677.0
sum,2159.9210999999978
Mean,0.8068438924168845
Min,0.0036
Max,10.799
Range,10.795399999999999
Variance,0.9961007279643646
Std. Dev,0.9980484597274646
