Measure,Value
Count,3062.0
sum,1490.0
Mean,0.4866100587851074
Min,0.0
Max,1.0
Range,1.0
Variance,0.24990232355772266
Std. Dev,0.49990231401517105
