Measure,Value
Count,2632.0
sum,9.339000000000034
Mean,0.003548252279635265
Min,0.0016
Max,0.277
Range,0.27540000000000003
Variance,4.1143090824966345E-5
Std. Dev,0.006414288021672113
