Measure,Count,sum,Mean,Min,Max,Range,Variance,Std. Dev
RuleBased,50.0,1350.0,27.0,23.0,30.0,7.0,3.0612244897959178,1.7496355305594127
MCTS-Simple,50.0,1282.0,25.639999999999993,21.0,29.0,8.0,3.3371428571428585,1.8267848415023753
