Measure,Count,sum,Mean,Min,Max,Range,Variance,Std. Dev
RuleBased,50.0,1371.0,27.419999999999998,24.0,31.0,7.0,2.5342857142857147,1.5919440047582436
MCTS-Simple,50.0,1306.0,26.11999999999999,21.0,31.0,10.0,4.02612244897959,2.0065199846947923
