Measure,Count,sum,Mean,Min,Max,Range,Variance,Std. Dev
RuleBased,50.0,1338.0,26.76,23.0,31.0,8.0,2.9616326530612254,1.7209394681572112
MCTS-Simple,50.0,1317.0,26.34,23.0,29.0,6.0,1.6983673469387766,1.3032142367771986
