Measure,Value
Count,7715.0
sum,19767.0
Mean,2.5621516526247685
Min,0.0
Max,30.0
Range,30.0
Variance,11.806967628022567
Std. Dev,3.436126835264171
