Measure,Value
Count,7715.0
sum,41543.0
Mean,5.384705119896297
Min,0.0
Max,72.0
Range,72.0
Variance,61.57249095205454
Std. Dev,7.846814063813067
