Measure,Value
Count,7715.0
sum,36686.0
Mean,4.755152300712909
Min,0.0
Max,76.0
Range,76.0
Variance,57.02547092248457
Std. Dev,7.551521099916531
