Measure,Value
Count,7715.0
sum,31705.0
Mean,4.109526895657813
Min,0.0
Max,84.0
Range,84.0
Variance,51.16910160398881
Std. Dev,7.153258111097964
