Measure,Value
Count,7715.0
sum,38177.0
Mean,4.9484121840570285
Min,0.0
Max,65.0
Range,65.0
Variance,59.33957324983873
Std. Dev,7.703218369606221
