Measure,Value
Count,7715.0
sum,37027.75
Mean,4.799449125081007
Min,0.0
Max,51.0
Range,51.0
Variance,37.030060300593945
Std. Dev,6.0852329701165875
