Measure,Value
Count,2557.0
sum,60374.0
Mean,23.6112631990614
Min,1.0
Max,108.0
Range,107.0
Variance,480.7580577542515
Std. Dev,21.926195697253355
