Measure,Value
Count,1281.0
sum,31020.0
Mean,24.215456674473042
Min,1.0
Max,108.0
Range,107.0
Variance,520.198854654567
Std. Dev,22.807868261952212
