Measure,Value
Count,2952.0
sum,62503.0
Mean,21.173102981029825
Min,1.0
Max,108.0
Range,107.0
Variance,471.59015397380404
Std. Dev,21.716126587718264
