Measure,Value
Count,1426.0
sum,28917.0
Mean,20.278401122019638
Min,1.0
Max,102.0
Range,101.0
Variance,431.4473507049536
Std. Dev,20.77131076039626
