Measure,Value
Count,1526.0
sum,33586.0
Mean,22.00917431192659
Min,1.0
Max,108.0
Range,107.0
Variance,507.9618829899235
Std. Dev,22.538009738881637
