Measure,Value
Count,1276.0
sum,29354.0
Mean,23.00470219435735
Min,1.0
Max,102.0
Range,101.0
Variance,440.80468375437977
Std. Dev,20.99534909817838
