Measure,Value
Count,2662.0
sum,1303.0
Mean,0.48948159278737724
Min,0.0
Max,1.0
Range,1.0
Variance,0.24998327117551558
Std. Dev,0.49998327089565264
