Measure,Value
Count,2676.0
sum,5.391299999999979
Mean,0.0020146860986547093
Min,6.0E-4
Max,0.0849
Range,0.0843
Variance,4.11812068647584E-6
Std. Dev,0.0020293153245555112
