Measure,Value
Count,2985.0
sum,11.76269999999993
Mean,0.003940603015075384
Min,0.0013
Max,0.4867
Range,0.4854
Variance,1.784218293949639E-4
Std. Dev,0.013357463434161589
