Measure,Value
Count,2674.0
sum,1965.898799999997
Mean,0.7351902767389682
Min,0.0035
Max,6.5991
Range,6.5956
Variance,0.8181336415589948
Std. Dev,0.9045074027109976
