Measure,Value
Count,2985.0
sum,73.68870000000008
Mean,0.02468633165829151
Min,0.0105
Max,2.0278
Range,2.0173
Variance,0.0029717705235695847
Std. Dev,0.05451394797269397
