Measure,Value
Count,2662.0
sum,1833.677499999998
Mean,0.6888345229151018
Min,0.0037
Max,5.1956
Range,5.1918999999999995
Variance,0.6271819692511644
Std. Dev,0.7919482112178576
