Measure,Value
Count,2676.0
sum,8.393700000000043
Mean,0.0031366591928251144
Min,0.0016
Max,0.1391
Range,0.1375
Variance,2.115017335819955E-5
Std. Dev,0.004598931762724856
