Measure,Value
Count,2662.0
sum,10.405600000000016
Mean,0.003908940646130732
Min,0.0015
Max,0.1727
Range,0.1712
Variance,3.4323647956641165E-5
Std. Dev,0.005858638746043416
