Measure,Value
Count,2676.0
sum,1536.9339000000007
Mean,0.5743400224215245
Min,0.003
Max,8.8976
Range,8.8946
Variance,0.4408995295938678
Std. Dev,0.6640026578213883
