Measure,Value
Count,2674.0
sum,1324.0
Mean,0.4951383694839195
Min,0.0
Max,1.0
Range,1.0
Variance,0.2500698835777369
Std. Dev,0.500069878694705
