Measure,Value
Count,2662.0
sum,60.72950000000018
Mean,0.022813486100676194
Min,0.0121
Max,0.4516
Range,0.4395
Variance,5.56184601972561E-4
Std. Dev,0.02358356635397965
