Measure,Value
Count,2985.0
sum,2029.9818000000078
Mean,0.6800609045226131
Min,0.0
Max,11.4248
Range,11.4248
Variance,0.8075445620735799
Std. Dev,0.8986348324395065
