Measure,Value
Count,2676.0
sum,47.63969999999998
Mean,0.017802578475336332
Min,0.0124
Max,0.1996
Range,0.1872
Variance,9.293142886299824E-5
Std. Dev,0.00964009485757263
