Measure,Value
Count,2674.0
sum,7.8017999999999885
Mean,0.002917651458489158
Min,6.0E-4
Max,0.8674
Range,0.8667999999999999
Variance,2.898190074265464E-4
Std. Dev,0.017024071411579147
