Measure,Value
Count,2662.0
sum,7.973100000000007
Mean,0.0029951540195341806
Min,7.0E-4
Max,1.0463
Range,1.0456
Variance,4.215219419341785E-4
Std. Dev,0.020530999535682097
