Measure,Value
Count,2985.0
sum,1424.0
Mean,0.4770519262981574
Min,0.0
Max,1.0
Range,1.0
Variance,0.24955698959498157
Std. Dev,0.4995567931626809
