Measure,Value
Count,2985.0
sum,8.564999999999989
Mean,0.002869346733668339
Min,2.0E-4
Max,0.3735
Range,0.3733
Variance,1.0990081274334131E-4
Std. Dev,0.010483358848353008
