Measure,Value
Count,2674.0
sum,12.457199999999967
Mean,0.004658638743455495
Min,0.0015
Max,0.9393
Range,0.9378000000000001
Variance,4.621730211167329E-4
Std. Dev,0.021498209718875033
