Measure,Value
Count,2674.0
sum,62.86440000000001
Mean,0.02350949887808521
Min,0.0122
Max,1.0092
Range,0.9970000000000001
Variance,9.439941184917673E-4
Std. Dev,0.03072448727793138
