Measure,Value
Count,2676.0
sum,1312.0
Mean,0.4902840059790733
Min,0.0
Max,1.0
Range,1.0
Variance,0.2499990221141888
Std. Dev,0.49999902211323255
