Measure,Count,sum,Mean,Min,Max,Range,Variance,Std. Dev
RuleBased,50.0,1350.0,27.0,23.0,31.0,8.0,3.3877551020408156,1.8405855323893034
MCTS-Advanced,50.0,1324.0,26.48,24.0,30.0,6.0,2.0097959183673466,1.4176727120063173
