Measure,Count,sum,Mean,Min,Max,Range,Variance,Std. Dev
RuleBased,50.0,1561.0,31.22,27.0,42.0,15.0,7.195510204081631,2.682444818459763
MCTS-Advanced,50.0,1424.0,28.48,24.0,37.0,13.0,5.071020408163265,2.2518926280272034
