Measure,Count,sum,Mean,Min,Max,Range,Variance,Std. Dev
RuleBased,50.0,1359.0,27.17999999999999,22.0,31.0,9.0,2.9261224489795934,1.710591257132923
MCTS-Advanced,50.0,1303.0,26.060000000000006,23.0,29.0,6.0,2.424897959183673,1.5572083865634918
