Measure,Value
Count,50.0
sum,571.0
Mean,11.420000000000002
Min,0.0
Max,50.0
Range,50.0
Variance,109.79959183673472
Std. Dev,10.478530041791869
