Measure,Value
Count,50.0
sum,606.0
Mean,12.12
Min,0.0
Max,34.0
Range,34.0
Variance,72.31183673469388
Std. Dev,8.503636677016127
