Measure,Value
Count,50.0
sum,2404.0
Mean,48.080000000000005
Min,8.0
Max,83.0
Range,75.0
Variance,246.03428571428574
Std. Dev,15.685480091928515
