Measure,Value
Count,50.0
sum,2242.0
Mean,44.83999999999999
Min,6.0
Max,81.0
Range,75.0
Variance,276.25959183673467
Std. Dev,16.621058685797806
