Measure,Value
Count,50.0
sum,666.0
Mean,13.320000000000002
Min,0.0
Max,37.0
Range,37.0
Variance,100.58938775510208
Std. Dev,10.02942609300762
