Measure,Value
Count,50.0
sum,614.0
Mean,12.280000000000001
Min,0.0
Max,47.0
Range,47.0
Variance,96.77714285714283
Std. Dev,9.837537438665372
