Measure,Value
Count,50.0
sum,2355.0
Mean,47.1
Min,16.0
Max,92.0
Range,76.0
Variance,326.295918367347
Std. Dev,18.06366292774937
