Measure,Value
Count,50.0
sum,2349.0
Mean,46.97999999999999
Min,14.0
Max,80.0
Range,66.0
Variance,202.63224489795917
Std. Dev,14.234895324446864
