Measure,Value
Count,2726.0
sum,23980.0
Mean,8.796771826852522
Min,0.0
Max,63.0
Range,63.0
Variance,101.72455471268871
Std. Dev,10.085859145986955
