Measure,Value
Count,2712.0
sum,18570.0
Mean,6.847345132743367
Min,0.0
Max,56.5
Range,56.5
Variance,50.09859862964052
Std. Dev,7.078036354077345
