Measure,Value
Count,2712.0
sum,26074.0
Mean,9.614306784660739
Min,0.0
Max,82.0
Range,82.0
Variance,104.45391549124123
Std. Dev,10.220269834561181
