Measure,Value
Count,2726.0
sum,29787.0
Mean,10.926999266324291
Min,0.0
Max,87.0
Range,87.0
Variance,153.24934783632992
Std. Dev,12.379392062469382
