Measure,Value
Count,3035.0
sum,25887.0
Mean,8.529489291598017
Min,0.0
Max,64.0
Range,64.0
Variance,92.91697782083102
Std. Dev,9.639345300425285
