Measure,Value
Count,2712.0
sum,5944.0
Mean,2.1917404129793536
Min,0.0
Max,32.0
Range,32.0
Variance,17.22622463491359
Std. Dev,4.150448726934666
