Measure,Value
Count,3035.0
sum,6159.0
Mean,2.0293245469522256
Min,0.0
Max,33.0
Range,33.0
Variance,14.914433129637823
Std. Dev,3.861920911882819
