Measure,Value
Count,2726.0
sum,18415.0
Mean,6.755319148936168
Min,0.0
Max,55.5
Range,55.5
Variance,58.62212765957444
Std. Dev,7.656508842780399
