Measure,Value
Count,2712.0
sum,31196.0
Mean,11.502949852507369
Min,0.0
Max,90.0
Range,90.0
Variance,138.0671251940904
Std. Dev,11.750196815121456
