Measure,Value
Count,2724.0
sum,27727.0
Mean,10.178781204111603
Min,0.0
Max,87.0
Range,87.0
Variance,125.58866454410446
Std. Dev,11.206634844774076
