Measure,Value
Count,2726.0
sum,7043.0
Mean,2.583639031548051
Min,0.0
Max,36.0
Range,36.0
Variance,18.74437809203928
Std. Dev,4.329477808239613
