Measure,Value
Count,3035.0
sum,18838.5
Mean,6.207084019769346
Min,0.0
Max,56.5
Range,56.5
Variance,44.44696693921384
Std. Dev,6.666855851090065
