Measure,Value
Count,2724.0
sum,5026.0
Mean,1.8450807635829654
Min,0.0
Max,33.0
Range,33.0
Variance,14.429902343823722
Std. Dev,3.7986711286743056
