Measure,Value
Count,2724.0
sum,16376.5
Mean,6.01193098384729
Min,0.0
Max,45.0
Range,45.0
Variance,43.904282865598475
Std. Dev,6.626030702132195
