Measure,Value
Count,2724.0
sum,23563.0
Mean,8.650146842878133
Min,0.0
Max,84.0
Range,84.0
Variance,99.04355120868989
Std. Dev,9.952062661011027
