Measure,Value
Count,3035.0
sum,31518.0
Mean,10.3848434925865
Min,0.0
Max,80.0
Range,80.0
Variance,121.90721911689481
Std. Dev,11.041160225125564
