Measure,Count,sum,Mean,Min,Max,Range,Variance,Std. Dev
RuleBased,50.0,2712.0,54.240000000000016,47.0,61.0,14.0,7.124897959183674,2.669250448943237
