Measure,Value
Count,2724.0
sum,1300.0
Mean,0.47723935389133665
Min,0.0
Max,7.0
Range,7.0
Variance,0.5661361880063406
Std. Dev,0.7524202203598336
