Measure,Value
Count,2726.0
sum,1358.0
Mean,0.4981658107116647
Min,0.0
Max,7.0
Range,7.0
Variance,0.5414645244233234
Std. Dev,0.7358427307674673
