Measure,Value
Count,2724.0
sum,3531.0
Mean,1.296255506607929
Min,0.0
Max,7.0
Range,7.0
Variance,2.8519727529076055
Std. Dev,1.6887784795252472
