Measure,Value
Count,3035.0
sum,4304.0
Mean,1.4181219110378938
Min,0.0
Max,7.0
Range,7.0
Variance,3.0851691809139483
Std. Dev,1.756464967175249
