Measure,Value
Count,2712.0
sum,3628.0
Mean,1.3377581120943938
Min,0.0
Max,7.0
Range,7.0
Variance,2.9769876685066543
Std. Dev,1.7253949311698624
