Measure,Value
Count,2712.0
sum,1281.0
Mean,0.4723451327433633
Min,0.0
Max,7.0
Range,7.0
Variance,0.5134363279069537
Std. Dev,0.7165447145202829
