Measure,Value
Count,3035.0
sum,2172.0
Mean,0.7156507413509046
Min,0.0
Max,7.0
Range,7.0
Variance,1.2734365819992846
Std. Dev,1.1284664735823056
