Measure,Value
Count,2726.0
sum,2977.0
Mean,1.092076302274394
Min,0.0
Max,7.0
Range,7.0
Variance,2.327298659863899
Std. Dev,1.525548642247732
