Measure,Value
Count,50.0
sum,99.0
Mean,1.9800000000000002
Min,1.0
Max,2.0
Range,1.0
Variance,0.01999999999999999
Std. Dev,0.14142135623730948
