Measure,Value
Count,100.0
sum,230.0
Mean,2.299999999999999
Min,1.0
Max,4.0
Range,3.0
Variance,1.2828282828282829
Std. Dev,1.1326200964261066
