Measure,Value
Count,100.0
sum,240.0
Mean,2.3999999999999995
Min,1.0
Max,4.0
Range,3.0
Variance,1.0707070707070703
Std. Dev,1.0347497623614466
