Measure,Value
Count,100.0
sum,253.0
Mean,2.529999999999999
Min,1.0
Max,4.0
Range,3.0
Variance,1.2213131313131314
Std. Dev,1.1051303684693183
