Measure,Value
Count,100.0
sum,276.0
Mean,2.7600000000000002
Min,1.0
Max,4.0
Range,3.0
Variance,1.3559595959595956
Std. Dev,1.164456781490664
