Measure,Value
Count,2724.0
sum,281584.0
Mean,103.3715124816448
Min,88.0
Max,117.0
Range,29.0
Variance,38.80573976076957
Std. Dev,6.229425315450019
