Measure,Value
Count,2726.0
sum,281629.0
Mean,103.31217901687444
Min,88.0
Max,117.0
Range,29.0
Variance,40.857003910693535
Std. Dev,6.391948365771858
