Measure,Value
Count,2712.0
sum,281018.0
Mean,103.6202064896755
Min,89.0
Max,117.0
Range,28.0
Variance,38.43630124838281
Std. Dev,6.199701706403528
