Measure,Value
Count,3035.0
sum,255520.0
Mean,84.19110378912673
Min,68.0
Max,117.0
Range,49.0
Variance,81.26274218929031
Std. Dev,9.01458497044042
