Measure,Value
Count,50.0
sum,38.0
Mean,0.7599999999999999
Min,0.0
Max,2.0
Range,2.0
Variance,0.5126530612244898
Std. Dev,0.7159979477795239
