Measure,Value
Count,50.0
sum,41.0
Mean,0.82
Min,0.0
Max,2.0
Range,2.0
Variance,0.477142857142857
Std. Dev,0.6907552802135188
