Measure,Value
Count,50.0
sum,8.0
Mean,0.16000000000000003
Min,0.0
Max,1.0
Range,1.0
Variance,0.13714285714285715
Std. Dev,0.3703280399090206
