Measure,Value
Count,50.0
sum,37.0
Mean,0.74
Min,0.0
Max,2.0
Range,2.0
Variance,0.4820408163265306
Std. Dev,0.6942915931555924
