Measure,Value
Count,50.0
sum,37.0
Mean,0.7399999999999999
Min,0.0
Max,2.0
Range,2.0
Variance,0.40040816326530615
Std. Dev,0.6327781311528601
