Measure,Value
Count,50.0
sum,7.0
Mean,0.14000000000000004
Min,0.0
Max,1.0
Range,1.0
Variance,0.12285714285714285
Std. Dev,0.3505098327538656
