Measure,Value
Count,50.0
sum,4.0
Mean,0.07999999999999999
Min,0.0
Max,1.0
Range,1.0
Variance,0.07510204081632653
Std. Dev,0.27404751561786966
