Measure,Value
Count,50.0
sum,6.0
Mean,0.12000000000000002
Min,0.0
Max,1.0
Range,1.0
Variance,0.10775510204081636
Std. Dev,0.328260722659316
