Measure,Value
Count,50.0
sum,13.0
Mean,0.26000000000000006
Min,0.0
Max,2.0
Range,2.0
Variance,0.2371428571428572
Std. Dev,0.4869731585445518
