Measure,Value
Count,50.0
sum,53.0
Mean,1.0600000000000003
Min,1.0
Max,2.0
Range,1.0
Variance,0.057551020408163255
Std. Dev,0.2398979374820952
