Measure,Value
Count,50.0
sum,97.0
Mean,1.94
Min,1.0
Max,2.0
Range,1.0
Variance,0.05755102040816326
Std. Dev,0.2398979374820952
