Measure,Value
Count,50.0
sum,52.0
Mean,1.0400000000000003
Min,1.0
Max,2.0
Range,1.0
Variance,0.039183673469387774
Std. Dev,0.19794866372215744
