Measure,Value
Count,2709.0
sum,769.0
Mean,0.2838685861941677
Min,0.0
Max,12.0
Range,12.0
Variance,0.9677640536250685
Std. Dev,0.9837499954892343
