Measure,Value
Count,3130.0
sum,18860.5
Mean,6.025718849840249
Min,0.0
Max,54.0
Range,54.0
Variance,39.704276009136436
Std. Dev,6.301132914733384
