Measure,Value
Count,2709.0
sum,14993.5
Mean,5.534699150978213
Min,0.0
Max,36.5
Range,36.5
Variance,34.3250510634446
Std. Dev,5.858758491646895
