Measure,Value
Count,2709.0
sum,28511.0
Mean,10.524547803617594
Min,0.0
Max,73.0
Range,73.0
Variance,129.582576651056
Std. Dev,11.383434308285702
