Measure,Value
Count,2709.0
sum,29218.0
Mean,10.785529715762255
Min,0.0
Max,73.0
Range,73.0
Variance,132.71432524551588
Std. Dev,11.520170365299112
