Measure,Value
Count,3130.0
sum,37201.0
Mean,11.885303514376975
Min,0.0
Max,101.0
Range,101.0
Variance,157.5921457212088
Std. Dev,12.553571034618349
