Measure,Value
Count,3130.0
sum,520.0
Mean,0.16613418530351437
Min,0.0
Max,9.0
Range,9.0
Variance,0.3495079014516368
Std. Dev,0.5911919328370752
