Measure,Value
Count,3130.0
sum,36871.0
Mean,11.779872204472852
Min,0.0
Max,97.0
Range,97.0
Variance,155.63928793508492
Std. Dev,12.47554760060996
