Measure,Count,sum,Mean,Min,Max,Range,Variance,Std. Dev
Random,50.0,3130.0,62.599999999999994,54.0,82.0,28.0,28.28571428571427,5.3184315625675085
