Measure,Value
Count,2659.0
sum,27.97039999999996
Mean,0.010519142534787515
Min,0.0014
Max,1.0616
Range,1.0602
Variance,0.001836764257202773
Std. Dev,0.04285748776121593
