Measure,Value
Count,2659.0
sum,19.748999999999956
Mean,0.007427228281308764
Min,0.0017
Max,1.3149
Range,1.3132
Variance,7.65709183097228E-4
Std. Dev,0.027671450686533004
