Measure,Value
Count,3080.0
sum,358.0990999999999
Mean,0.11626594155844182
Min,0.0176
Max,24.0748
Range,24.057199999999998
Variance,0.35396805257462577
Std. Dev,0.5949521430960861
