Measure,Value
Count,2659.0
sum,165.65699999999984
Mean,0.0623004889056037
Min,0.0068
Max,7.5971
Range,7.5903
Variance,0.05839510880713478
Std. Dev,0.24165079930994388
