Measure,Value
Count,2659.0
sum,32.88019999999996
Mean,0.012365626175253849
Min,0.0015
Max,2.6547
Range,2.6532
Variance,0.005468470924842889
Std. Dev,0.07394911037222077
