Measure,Value
Count,2659.0
sum,56.55030000000004
Mean,0.021267506581421583
Min,3.0E-4
Max,3.533
Range,3.5326999999999997
Variance,0.012085195422335857
Std. Dev,0.10993268586883456
