Measure,Value
Count,2659.0
sum,1316.0
Mean,0.4949229033471223
Min,0.0
Max,1.0
Range,1.0
Variance,0.2500682690726813
Std. Dev,0.5000682644126513
