Measure,Value
Count,2659.0
sum,127.51950000000015
Mean,0.04795769086122611
Min,0.0068
Max,4.2137
Range,4.2069
Variance,0.023211693013627407
Std. Dev,0.1523538414797192
