Measure,Value
Count,2659.0
sum,288.97070000000116
Mean,0.10867645731477985
Min,0.018
Max,12.9049
Range,12.886899999999999
Variance,0.17672435970888925
Std. Dev,0.42038596516640425
