Measure,Value
Count,2659.0
sum,106.03430000000034
Mean,0.03987751034223397
Min,3.0E-4
Max,8.8435
Range,8.843200000000001
Variance,0.07910926694323475
Std. Dev,0.28126369645447447
