Measure,Value
Count,2659.0
sum,219.02269999999967
Mean,0.08237032719067323
Min,0.0221
Max,3.6126
Range,3.5905
Variance,0.02663501922829772
Std. Dev,0.16320238732413728
