Measure,Value
Count,3080.0
sum,36.7545
Mean,0.011933279220779212
Min,6.0E-4
Max,6.3836
Range,6.383
Variance,0.017049808690769667
Std. Dev,0.13057491600904694
