Measure,Value
Count,2659.0
sum,164.13759999999996
Mean,0.0617290710793531
Min,0.0217
Max,4.2293
Range,4.2076
Variance,0.018211961731680056
Std. Dev,0.13495170147752883
