Measure,Value
Count,3080.0
sum,148.85320000000084
Mean,0.048328961038961046
Min,0.0042
Max,6.1907
Range,6.1865
Variance,0.03754360902782571
Std. Dev,0.193761732619797
