Measure,Value
Count,2659.0
sum,61.815800000000024
Mean,0.023247762316660387
Min,3.0E-4
Max,2.8268
Range,2.8265
Variance,0.008123757010604134
Std. Dev,0.09013188675826184
