Measure,Value
Count,2659.0
sum,81.78449999999985
Mean,0.030757615644979336
Min,0.0081
Max,2.3591
Range,2.351
Variance,0.00405176135187479
Std. Dev,0.06365344728979562
