Measure,Value
Count,3080.0
sum,33.21349999999982
Mean,0.010783603896103899
Min,0.0
Max,1.6538
Range,1.6538
Variance,0.0020268483929836833
Std. Dev,0.045020533015321836
