Measure,Value
Count,3080.0
sum,1508.0
Mean,0.48961038961038966
Min,0.0
Max,1.0
Range,1.0
Variance,0.24997321613105913
Std. Dev,0.4999732154136451
