Measure,Count,sum,Mean,Min,Max,Range,Variance,Std. Dev
RuleBased,50.0,1343.0,26.860000000000003,23.0,31.0,8.0,2.857551020408164,1.690429241467434
Random,50.0,1316.0,26.319999999999997,22.0,31.0,9.0,3.691428571428569,1.9213090775376482
