Measure,Count,sum,Mean,Min,Max,Range,Variance,Std. Dev
RuleBased,50.0,2705.0,54.10000000000001,49.0,59.0,10.0,4.7448979591836755,2.178278668853844
