Measure,Value
Count,2727.0
sum,11209.0
Mean,4.110377704437109
Min,0.0
Max,14.0
Range,14.0
Variance,11.472405103068379
Std. Dev,3.3870939023104127
