Measure,Value
Count,2682.0
sum,9935.0
Mean,3.704325130499624
Min,0.0
Max,13.0
Range,13.0
Variance,10.294863792796047
Std. Dev,3.2085610159066706
