Measure,Value
Count,3112.0
sum,12825.0
Mean,4.121143958868895
Min,0.0
Max,18.0
Range,18.0
Variance,12.064715116524054
Std. Dev,3.4734298778763413
