Measure,Value
Count,2682.0
sum,19731.0
Mean,7.3568232662192425
Min,0.0
Max,20.0
Range,20.0
Variance,27.556702772931075
Std. Dev,5.249447854101522
