Measure,Value
Count,2727.0
sum,19792.0
Mean,7.257792445911271
Min,0.0
Max,20.0
Range,20.0
Variance,27.52449446460912
Std. Dev,5.246379176594951
