Measure,Value
Count,3112.0
sum,22333.0
Mean,7.176413881748069
Min,0.0
Max,20.0
Range,20.0
Variance,27.54681735098695
Std. Dev,5.248506201862293
