Measure,Value
Count,2705.0
sum,10921.0
Mean,4.037338262476894
Min,0.0
Max,17.0
Range,17.0
Variance,11.121756226142683
Std. Dev,3.3349297183213147
