Measure,Value
Count,2705.0
sum,19332.0
Mean,7.146765249537894
Min,0.0
Max,20.0
Range,20.0
Variance,26.592727143466558
Std. Dev,5.1568136618910865
