Measure,Count,sum,Mean,Min,Max,Range,Variance,Std. Dev
Random,50.0,2709.0,54.18,50.0,61.0,11.0,7.701632653061221,2.775181553171111
