Measure,Value
Count,3130.0
sum,10393.0
Mean,3.320447284345042
Min,0.0
Max,12.0
Range,12.0
Variance,7.374749560179587
Std. Dev,2.715649012700203
