Measure,Value
Count,2709.0
sum,19519.0
Mean,7.2052417866371306
Min,0.0
Max,20.0
Range,20.0
Variance,26.61738757999625
Std. Dev,5.159204161495865
