Measure,Value
Count,3130.0
sum,22446.0
Mean,7.171246006389767
Min,0.0
Max,21.0
Range,21.0
Variance,27.908664794047567
Std. Dev,5.2828652068785145
