Measure,Value
Count,2709.0
sum,8456.0
Mean,3.121447028423771
Min,0.0
Max,12.0
Range,12.0
Variance,6.823871465158276
Std. Dev,2.6122540965913474
