Measure,Value
Count,50.0
sum,5.0
Mean,0.10000000000000003
Min,0.0
Max,1.0
Range,1.0
Variance,0.09183673469387756
Std. Dev,0.30304576336566325
