Measure,Value
Count,50.0
sum,9.0
Mean,0.18000000000000002
Min,0.0
Max,2.0
Range,2.0
Variance,0.19142857142857148
Std. Dev,0.4375255094603873
