Measure,Value
Count,50.0
sum,14.0
Mean,0.2799999999999999
Min,0.0
Max,1.0
Range,1.0
Variance,0.20571428571428574
Std. Dev,0.4535573676110727
