Measure,Value
Count,2607.0
sum,1612.0
Mean,0.6183352512466442
Min,0.0
Max,7.0
Range,7.0
Variance,0.7211218630047609
Std. Dev,0.8491889442313536
