Measure,Value
Count,3002.0
sum,2494.0
Mean,0.8307794803464356
Min,0.0
Max,7.0
Range,7.0
Variance,1.4381992589190202
Std. Dev,1.1992494565014487
