Measure,Value
Count,3002.0
sum,968.0
Mean,0.3224516988674214
Min,0.0
Max,7.0
Range,7.0
Variance,0.8776630308218375
Std. Dev,0.9368367151333457
