Measure,Value
Count,2607.0
sum,437.0
Mean,0.1676256233218258
Min,0.0
Max,6.0
Range,6.0
Variance,0.29997989355654675
Std. Dev,0.5477042026099004
