Measure,Count,sum,Mean,Min,Max,Range,Variance,Std. Dev
RuleBased,50.0,2607.0,52.14,47.0,59.0,12.0,5.306530612244898,2.3035908083348695
