Measure,Value
Count,50.0
sum,42.4260544000583
Mean,0.8485210880011661
Min,0.8135593220338984
Max,0.896551724137931
Range,0.08299240210403269
Variance,3.2965788580819477E-4
Std. Dev,0.018156483299587363
