Measure,Value
Count,50.0
sum,2533.0
Mean,50.65999999999998
Min,45.0
Max,56.0
Range,11.0
Variance,5.535102040816317
Std. Dev,2.352679757386525
