Measure,Value
Count,50.0
sum,2935.0
Mean,58.7
Min,53.0
Max,72.0
Range,19.0
Variance,13.520408163265296
Std. Dev,3.677010764638213
