Measure,Value
Count,50.0
sum,2662.0
Mean,53.23999999999999
Min,46.0
Max,60.0
Range,14.0
Variance,7.124897959183673
Std. Dev,2.669250448943237
