Measure,Value
Count,50.0
sum,2674.0
Mean,53.480000000000004
Min,49.0
Max,59.0
Range,10.0
Variance,6.866938775510205
Std. Dev,2.6204844543538517
