Measure,Value
Count,50.0
sum,47.279516928619216
Mean,0.9455903385723844
Min,0.9056603773584906
Max,0.9803921568627451
Range,0.07473177950425447
Variance,3.9370786843903437E-4
Std. Dev,0.019842073189035324
