Measure,Value
Count,50.0
sum,47.125348895595224
Mean,0.9425069779119046
Min,0.9038461538461539
Max,0.9811320754716981
Range,0.07728592162554426
Variance,2.933288342931305E-4
Std. Dev,0.01712684542737309
