Measure,Value
Count,50.0
sum,2509.0
Mean,50.179999999999986
Min,43.0
Max,57.0
Range,14.0
Variance,7.211836734693876
Std. Dev,2.685486312512852
