Measure,Value
Count,50.0
sum,2528.0
Mean,50.56000000000002
Min,45.0
Max,56.0
Range,11.0
Variance,6.21061224489797
Std. Dev,2.4921099985550335
