Measure,Value
Count,50.0
sum,2533.0
Mean,50.65999999999999
Min,45.0
Max,65.0
Range,20.0
Variance,11.453469387755103
Std. Dev,3.384297473295618
