Measure,Value
Count,50.0
sum,2676.0
Mean,53.52
Min,48.0
Max,59.0
Range,11.0
Variance,5.4791836734693895
Std. Dev,2.3407656169444624
