Measure,Count,sum,Mean,Min,Max,Range,Variance,Std. Dev
RuleBased,50.0,3002.0,60.04,54.0,72.0,18.0,13.59020408163266,3.6864893980089866
