Measure,Value
Count,2607.0
sum,19280.0
Mean,7.395473724587646
Min,0.0
Max,21.0
Range,21.0
Variance,28.411076972352404
Std. Dev,5.330204214882616
