Measure,Value
Count,3002.0
sum,12486.0
Mean,4.159227181878744
Min,0.0
Max,15.0
Range,15.0
Variance,12.146580942039964
Std. Dev,3.485194534317986
