Measure,Value
Count,2607.0
sum,10961.0
Mean,4.204449558879943
Min,0.0
Max,15.0
Range,15.0
Variance,11.838076893751744
Std. Dev,3.4406506497684046
