Measure,Value
Count,3002.0
sum,22665.0
Mean,7.549966688874099
Min,0.0
Max,21.0
Range,21.0
Variance,31.127959012552036
Std. Dev,5.579243587848808
