Measure,Value
Count,100.0
sum,2640.0
Mean,26.4
Min,0.0
Max,76.0
Range,76.0
Variance,263.97979797979787
Std. Dev,16.247455123181535
