Measure,Value
Count,100.0
sum,2856.0
Mean,28.560000000000002
Min,0.0
Max,72.0
Range,72.0
Variance,198.22868686868685
Std. Dev,14.07937096850164
