Measure,Value
Count,100.0
sum,2353.0
Mean,23.53
Min,0.0
Max,84.0
Range,84.0
Variance,294.6556565656565
Std. Dev,17.165536885447437
