Measure,Value
Count,100.0
sum,2802.0
Mean,28.020000000000007
Min,0.0
Max,65.0
Range,65.0
Variance,273.8985858585858
Std. Dev,16.549881747571064
