Measure,Value
Count,50.0
sum,54.0
Mean,1.08
Min,1.0
Max,2.0
Range,1.0
Variance,0.07510204081632653
Std. Dev,0.27404751561786966
