Measure,Value
Count,50.0
sum,99.0
Mean,1.98
Min,1.0
Max,2.0
Range,1.0
Variance,0.019999999999999997
Std. Dev,0.1414213562373095
