Measure,Value
Count,50.0
sum,98.0
Mean,1.9599999999999997
Min,1.0
Max,2.0
Range,1.0
Variance,0.03918367346938776
Std. Dev,0.19794866372215741
