Measure,Value
Count,50.0
sum,95.0
Mean,1.9000000000000004
Min,1.0
Max,2.0
Range,1.0
Variance,0.09183673469387756
Std. Dev,0.30304576336566325
