Measure,Value
Count,1359.0
sum,33064.0
Mean,24.32965415746874
Min,1.0
Max,108.0
Range,107.0
Variance,514.1872716770655
Std. Dev,22.675697821171138
