Measure,Value
Count,1364.0
sum,32727.0
Mean,23.99340175953081
Min,1.0
Max,108.0
Range,107.0
Variance,509.74830566092163
Std. Dev,22.57760628722455
