Measure,Value
Count,2985.0
sum,64911.0
Mean,21.74572864321607
Min,1.0
Max,108.0
Range,107.0
Variance,475.99732172928884
Std. Dev,21.8173628500167
