Measure,Value
Count,1561.0
sum,32105.0
Mean,20.56694426649585
Min,1.0
Max,108.0
Range,107.0
Variance,481.7623425154817
Std. Dev,21.949085231860614
