Measure,Value
Count,1424.0
sum,32806.0
Mean,23.03792134831464
Min,1.0
Max,108.0
Range,107.0
Variance,466.81655112241157
Std. Dev,21.605937867225563
