Measure,Value
Count,1312.0
sum,32333.0
Mean,24.644054878048763
Min,1.0
Max,102.0
Range,101.0
Variance,442.5848769092666
Std. Dev,21.037701321895096
