Measure,Value
Count,2676.0
sum,65060.0
Mean,24.312406576980575
Min,1.0
Max,108.0
Range,107.0
Variance,476.7472254585602
Std. Dev,21.834542025390874
