Measure,Value
Count,1324.0
sum,31803.0
Mean,24.020392749244753
Min,1.0
Max,102.0
Range,101.0
Variance,431.01772441101326
Std. Dev,20.760966365056643
