Measure,Value
Count,1350.0
sum,32529.0
Mean,24.095555555555556
Min,1.0
Max,108.0
Range,107.0
Variance,507.85817148505
Std. Dev,22.535708808134924
