Measure,Value
Count,2674.0
sum,64332.0
Mean,24.05833956619302
Min,1.0
Max,108.0
Range,107.0
Variance,469.63744819591324
Std. Dev,21.671120141698104
