Measure,Value
Count,1303.0
sum,31963.0
Mean,24.530314658480453
Min,1.0
Max,102.0
Range,101.0
Variance,449.6578744784865
Std. Dev,21.20513792641978
