Measure,Value
Count,2662.0
sum,65027.0
Mean,24.42787377911344
Min,1.0
Max,108.0
Range,107.0
Variance,482.43053429747755
Std. Dev,21.964301361470106
