Measure,Value
Count,50.0
sum,2.0
Mean,0.039999999999999994
Min,0.0
Max,1.0
Range,1.0
Variance,0.03918367346938776
Std. Dev,0.19794866372215741
