Measure,Value
Count,50.0
sum,36.0
Mean,0.72
Min,0.0
Max,2.0
Range,2.0
Variance,0.4506122448979592
Std. Dev,0.6712765785411846
