Measure,Value
Count,50.0
sum,37.0
Mean,0.7399999999999999
Min,0.0
Max,2.0
Range,2.0
Variance,0.6044897959183674
Std. Dev,0.777489418525016
