Measure,Value
Count,50.0
sum,36.0
Mean,0.7199999999999999
Min,0.0
Max,2.0
Range,2.0
Variance,0.3689795918367345
Std. Dev,0.6074369035848369
