Measure,Value
Count,50.0
sum,2.0
Mean,0.039999999999999994
Min,0.0
Max,1.0
Range,1.0
Variance,0.039183673469387746
Std. Dev,0.1979486637221574
