Measure,Value
Count,50.0
sum,2.0
Mean,0.04000000000000001
Min,0.0
Max,1.0
Range,1.0
Variance,0.03918367346938775
Std. Dev,0.1979486637221574
