Measure,Value
Count,50.0
sum,3.0
Mean,0.05999999999999999
Min,0.0
Max,1.0
Range,1.0
Variance,0.05755102040816326
Std. Dev,0.2398979374820952
