Measure,Value
Count,50.0
sum,22.0
Mean,0.43999999999999995
Min,0.0
Max,2.0
Range,2.0
Variance,0.37387755102040815
Std. Dev,0.6114552731152199
