Measure,Value
Count,50.0
sum,13.0
Mean,0.2599999999999999
Min,0.0
Max,1.0
Range,1.0
Variance,0.1963265306122449
Std. Dev,0.44308749769345207
