Measure,Value
Count,50.0
sum,12.0
Mean,0.24000000000000005
Min,0.0
Max,2.0
Range,2.0
Variance,0.22693877551020414
Std. Dev,0.4763809143009448
