Measure,Value
Count,50.0
sum,18.0
Mean,0.36
Min,0.0
Max,1.0
Range,1.0
Variance,0.23510204081632663
Std. Dev,0.4848732213850613
