Measure,Value
Count,50.0
sum,1.0
Mean,0.02000000000000001
Min,0.0
Max,1.0
Range,1.0
Variance,0.019999999999999993
Std. Dev,0.14142135623730948
