Measure,Value
Count,50.0
sum,3.0
Mean,0.06000000000000001
Min,0.0
Max,1.0
Range,1.0
Variance,0.057551020408163255
Std. Dev,0.2398979374820952
