Measure,Value
Count,50.0
sum,47.0
Mean,0.9400000000000002
Min,0.0
Max,3.0
Range,3.0
Variance,0.6697959183673468
Std. Dev,0.8184106049944286
