Measure,Value
Count,50.0
sum,42.0
Mean,0.84
Min,0.0
Max,2.0
Range,2.0
Variance,0.5453061224489796
Std. Dev,0.7384484561897192
