Measure,Value
Count,50.0
sum,32.0
Mean,0.64
Min,0.0
Max,2.0
Range,2.0
Variance,0.5208163265306124
Std. Dev,0.7216760537322908
