Measure,Value
Count,50.0
sum,32.0
Mean,0.6399999999999999
Min,0.0
Max,2.0
Range,2.0
Variance,0.43918367346938775
Std. Dev,0.662709343128183
