Measure,Value
Count,50.0
sum,23.0
Mean,0.4600000000000001
Min,0.0
Max,2.0
Range,2.0
Variance,0.2942857142857143
Std. Dev,0.542481072744215
