Measure,Value
Count,50.0
sum,77.0
Mean,1.54
Min,0.0
Max,3.0
Range,3.0
Variance,0.6616326530612244
Std. Dev,0.8134080483135291
