Measure,Value
Count,50.0
sum,23.0
Mean,0.4599999999999999
Min,0.0
Max,1.0
Range,1.0
Variance,0.253469387755102
Std. Dev,0.5034574339058885
