Measure,Value
Count,50.0
sum,29.0
Mean,0.5800000000000001
Min,0.0
Max,2.0
Range,2.0
Variance,0.37102040816326537
Std. Dev,0.6091144458665099
