Measure,Value
Count,50.0
sum,26.0
Mean,0.5200000000000002
Min,0.0
Max,2.0
Range,2.0
Variance,0.37714285714285706
Std. Dev,0.6141195788629907
