Measure,Value
Count,100.0
sum,287.0
Mean,2.869999999999999
Min,0.0
Max,9.0
Range,9.0
Variance,2.4172727272727266
Std. Dev,1.5547580928468347
