Measure,Value
Count,100.0
sum,233.0
Mean,2.3300000000000014
Min,0.0
Max,9.0
Range,9.0
Variance,2.384949494949495
Std. Dev,1.5443281694476387
