Measure,Value
Count,100.0
sum,210.0
Mean,2.1
Min,1.0
Max,6.0
Range,5.0
Variance,1.2828282828282829
Std. Dev,1.1326200964261066
