Measure,Value
Count,3112.0
sum,1938.0
Mean,0.6227506426735222
Min,0.0
Max,7.0
Range,7.0
Variance,1.109967616360884
Std. Dev,1.0535500065781804
