Measure,Value
Count,2705.0
sum,1292.0
Mean,0.47763401109057274
Min,0.0
Max,7.0
Range,7.0
Variance,0.5824322698487355
Std. Dev,0.7631725033363922
