Measure,Value
Count,2682.0
sum,3299.0
Mean,1.2300521998508587
Min,0.0
Max,7.0
Range,7.0
Variance,2.5509353945139877
Std. Dev,1.5971647987962883
