Measure,Value
Count,2727.0
sum,3280.0
Mean,1.2027869453612008
Min,0.0
Max,7.0
Range,7.0
Variance,2.3268007407246016
Std. Dev,1.525385440052645
