Measure,Value
Count,2727.0
sum,1302.0
Mean,0.4774477447744762
Min,0.0
Max,7.0
Range,7.0
Variance,0.4960979590255446
Std. Dev,0.704342217267675
