Measure,Value
Count,2705.0
sum,3533.0
Mean,1.306099815157115
Min,0.0
Max,7.0
Range,7.0
Variance,2.976534524056919
Std. Dev,1.7252636100193266
