Measure,Value
Count,3112.0
sum,4774.0
Mean,1.5340616966580993
Min,0.0
Max,7.0
Range,7.0
Variance,3.3347442816310666
Std. Dev,1.8261282215745605
