Measure,Value
Count,2682.0
sum,1197.0
Mean,0.4463087248322147
Min,0.0
Max,7.0
Range,7.0
Variance,0.5664932698156797
Std. Dev,0.7526574717729704
