Measure,Count,sum,Mean,Min,Max,Range,Variance,Std. Dev
RuleBased,50.0,3112.0,62.239999999999995,55.0,81.0,26.0,24.06367346938779,4.905473827204442
