Measure,Count,sum,Mean,Min,Max,Range,Variance,Std. Dev
RuleBased,50.0,2727.0,54.540000000000006,48.0,61.0,13.0,8.98816326530612,2.9980265618079702
