Measure,Value
Count,2682.0
sum,16256.0
Mean,6.061148396718862
Min,0.0
Max,52.5
Range,52.5
Variance,49.374103566929485
Std. Dev,7.026670873673356
