Measure,Value
Count,2705.0
sum,17245.5
Mean,6.37541589648798
Min,0.0
Max,61.5
Range,61.5
Variance,48.24002039834195
Std. Dev,6.945503610130942
