Measure,Value
Count,2705.0
sum,5617.0
Mean,2.0765249537892863
Min,0.0
Max,47.0
Range,47.0
Variance,14.760044132605636
Std. Dev,3.8418802860846193
