Measure,Value
Count,2727.0
sum,28826.0
Mean,10.570590392372589
Min,0.0
Max,92.0
Range,92.0
Variance,132.9186211846916
Std. Dev,11.529033835698966
