Measure,Value
Count,2727.0
sum,23131.0
Mean,8.482214888155475
Min,0.0
Max,76.0
Range,76.0
Variance,95.93649575277891
Std. Dev,9.79471774747894
