Measure,Value
Count,2727.0
sum,17886.5
Mean,6.559039237257075
Min,0.0
Max,60.0
Range,60.0
Variance,50.92663047791683
Std. Dev,7.136289685678184
