Measure,Value
Count,2682.0
sum,26942.0
Mean,10.045488441461606
Min,0.0
Max,81.0
Range,81.0
Variance,131.80546453194373
Std. Dev,11.480656101980571
