Measure,Value
Count,2682.0
sum,5570.0
Mean,2.0768083519761373
Min,0.0
Max,34.0
Range,34.0
Variance,16.930316105741554
Std. Dev,4.114646534727078
