Measure,Value
Count,2727.0
sum,6947.0
Mean,2.547488082141545
Min,0.0
Max,37.0
Range,37.0
Variance,20.693176923463973
Std. Dev,4.548975370725145
