Measure,Value
Count,3112.0
sum,6988.0
Mean,2.2455012853470433
Min,0.0
Max,50.0
Range,50.0
Variance,17.82399132690288
Std. Dev,4.221846909458334
