Measure,Value
Count,3112.0
sum,27805.0
Mean,8.934768637532125
Min,0.0
Max,70.0
Range,70.0
Variance,110.0121369442041
Std. Dev,10.488667071854465
