Measure,Value
Count,2705.0
sum,28874.0
Mean,10.674306839186672
Min,0.0
Max,83.0
Range,83.0
Variance,133.95934331557817
Std. Dev,11.574080668268135
