Measure,Value
Count,2682.0
sum,22704.0
Mean,8.4653243847875
Min,0.0
Max,66.0
Range,66.0
Variance,91.81024810435834
Std. Dev,9.58176643966854
