Measure,Value
Count,2705.0
sum,24097.0
Mean,8.908317929759685
Min,0.0
Max,67.0
Range,67.0
Variance,99.04040785746331
Std. Dev,9.951904735148107
