Measure,Value
Count,3112.0
sum,20431.5
Mean,6.56539203084834
Min,0.0
Max,51.0
Range,51.0
Variance,46.90258525288395
Std. Dev,6.8485462145541485
