Measure,Value
Count,3112.0
sum,33875.0
Mean,10.88528277634963
Min,0.0
Max,80.0
Range,80.0
Variance,133.58021406337392
Std. Dev,11.557690689033597
