Measure,Count,sum,Mean,Min,Max,Range,Variance,Std. Dev
MCTS-Simple,50.0,2682.0,53.63999999999999,48.0,60.0,12.0,7.704489795918372,2.775696272274467
