Measure,Value
Count,2557.0
sum,75.45269999999992
Mean,0.029508290965975736
Min,0.0118
Max,1.7957
Range,1.7839
Variance,0.0029937895712955883
Std. Dev,0.054715533181132286
