Measure,Value
Count,2952.0
sum,132.20790000000028
Mean,0.04478587398373987
Min,0.0104
Max,15.1889
Range,15.1785
Variance,0.11016435739103506
Std. Dev,0.33191016463952266
