Measure,Value
Count,2557.0
sum,1276.0
Mean,0.4990222917481422
Min,0.0
Max,1.0
Range,1.0
Variance,0.25009685278926935
Std. Dev,0.5000968434106232
