Measure,Value
Count,2557.0
sum,13.790199999999915
Mean,0.005393116933906923
Min,6.0E-4
Max,1.4494
Range,1.4488
Variance,0.0010384665175500912
Std. Dev,0.03222524658633493
