Measure,Value
Count,2952.0
sum,1426.0
Mean,0.48306233062330567
Min,0.0
Max,1.0
Range,1.0
Variance,0.2497977351850773
Std. Dev,0.49979769425746384
