Measure,Value
Count,2952.0
sum,12.823799999999967
Mean,0.004344105691056897
Min,2.0E-4
Max,2.9715
Range,2.9713
Variance,0.0030728663630766075
Std. Dev,0.055433440837427794
