Measure,Value
Count,2557.0
sum,133.53000000000057
Mean,0.05222135314822046
Min,0.0117
Max,5.0788
Range,5.0671
Variance,0.05227651501334804
Std. Dev,0.22864058041683685
