Measure,Value
Count,2952.0
sum,24.643899999999643
Mean,0.008348204607046088
Min,0.0013
Max,1.1766
Range,1.1753
Variance,0.001367347811075709
Std. Dev,0.03697766638223279
