Measure,Value
Count,2557.0
sum,1035.0543999999986
Mean,0.4047924912006247
Min,0.0027
Max,18.6976
Range,18.6949
Variance,0.9811549141063493
Std. Dev,0.990532641615787
