Measure,Value
Count,2557.0
sum,85.36240000000038
Mean,0.0333838091513493
Min,0.0122
Max,2.4154
Range,2.4032
Variance,0.0055647169208524515
Std. Dev,0.07459703024150795
