Measure,Value
Count,2952.0
sum,1237.4027000000021
Mean,0.4191743563685648
Min,0.0
Max,70.2289
Range,70.2289
Variance,3.864085224692914
Std. Dev,1.9657276578134912
