Measure,Value
Count,2557.0
sum,1274.499200000001
Mean,0.49843535393038785
Min,0.0024
Max,25.9812
Range,25.9788
Variance,1.8635934908309908
Std. Dev,1.3651349716533494
