Measure,Value
Count,2557.0
sum,1078.6115000000018
Mean,0.421826945639421
Min,0.0031
Max,11.6195
Range,11.6164
Variance,0.8262034475561207
Std. Dev,0.9089573408890654
