Measure,Value
Count,2557.0
sum,53.031600000000225
Mean,0.020739773171685533
Min,0.0015
Max,10.1731
Range,10.1716
Variance,0.062440786997288215
Std. Dev,0.24988154593184392
