Measure,Value
Count,2557.0
sum,21.808400000000017
Mean,0.0085289010559249
Min,0.0017
Max,0.2263
Range,0.2246
Variance,1.6041954390139544E-4
Std. Dev,0.012665683712354239
