Measure,Value
Count,2557.0
sum,15.53369999999994
Mean,0.006074970668752438
Min,7.0E-4
Max,4.5121
Range,4.5114
Variance,0.008450100734789811
Std. Dev,0.0919244294776411
