Measure,Value
Count,2557.0
sum,27.776999999999948
Mean,0.01086312084473992
Min,0.0015
Max,3.3533
Range,3.3518
Variance,0.006150578604184525
Std. Dev,0.07842562466556785
