Measure,Value
Count,2557.0
sum,10.978799999999964
Mean,0.004293625342197883
Min,7.0E-4
Max,0.7807
Range,0.7799999999999999
Variance,2.6881852351059397E-4
Std. Dev,0.016395686125032827
