Measure,Count,sum,Mean,Min,Max,Range,Variance,Std. Dev
RuleBased,50.0,1281.0,25.62,21.0,30.0,9.0,2.4853061224489803,1.5764853701982078
OSLA,50.0,1276.0,25.520000000000003,23.0,28.0,5.0,2.2546938775510195,1.5015638106823896
