Measure,Value
Count,7715.0
sum,940278.0
Mean,121.8766040181465
Min,98.0
Max,132.0
Range,34.0
Variance,54.16703746762704
Std. Dev,7.359825912861461
