Measure,Value
Count,7615.0
sum,32.10159999999998
Mean,0.004215574523965863
Min,4.0E-4
Max,1.3753
Range,1.3749
Variance,2.6318448553473234E-4
Std. Dev,0.016222961675807914
