Measure,Value
Count,7615.0
sum,251671.6628000028
Mean,33.04946326986201
Min,0.0
Max,592.3217
Range,592.3217
Variance,1683.649808326499
Std. Dev,41.03230201105586
