Measure,Value
Count,7615.0
sum,187.40260000000075
Mean,0.024609665134602728
Min,0.0144
Max,0.487
Range,0.47259999999999996
Variance,1.716436444242302E-4
Std. Dev,0.013101284075396206
