Measure,Value
Count,7615.0
sum,22.22709999999986
Mean,0.0029188575180564744
Min,9.0E-4
Max,1.2178
Range,1.2169
Variance,2.0894344261365998E-4
Std. Dev,0.014454876084341227
