Measure,Value
Count,3002.0
sum,25096.0
Mean,8.359760159893396
Min,0.0
Max,85.0
Range,85.0
Variance,110.94417161856533
Std. Dev,10.533003921890723
