Measure,Value
Count,2607.0
sum,8138.0
Mean,3.1215957038741853
Min,0.0
Max,27.0
Range,27.0
Variance,18.800634751293874
Std. Dev,4.335969874352666
