Measure,Value
Count,3002.0
sum,8637.0
Mean,2.877081945369757
Min,0.0
Max,40.0
Range,40.0
Variance,17.98455289498216
Std. Dev,4.240819837600055
