Measure,Value
Count,2607.0
sum,25037.0
Mean,9.603759110088243
Min,0.0
Max,109.0
Range,109.0
Variance,133.4457725098702
Std. Dev,11.55187311693953
