Measure,Value
Count,3002.0
sum,20299.0
Mean,6.761825449700204
Min,0.0
Max,52.0
Range,52.0
Variance,56.305799798911984
Std. Dev,7.503719064498083
