Measure,Value
Count,3002.0
sum,31961.0
Mean,10.646568954030645
Min,0.0
Max,92.0
Range,92.0
Variance,154.86104953689664
Std. Dev,12.444317961901191
