Measure,Value
Count,2607.0
sum,16587.5
Mean,6.3626774069812
Min,0.0
Max,57.5
Range,57.5
Variance,50.03773542275484
Std. Dev,7.073735605940813
