Measure,Value
Count,2607.0
sum,19411.0
Mean,7.445723053317984
Min,0.0
Max,103.0
Range,103.0
Variance,90.91637368075385
Std. Dev,9.53500779657541
