Measure,Value
Count,100.0
sum,6404.0
Mean,64.04000000000002
Min,56.0
Max,81.0
Range,25.0
Variance,24.705454545454558
Std. Dev,4.970458182648211
