Measure,Value
Count,50.0
sum,47.41960727578571
Mean,0.9483921455157144
Min,0.9019607843137255
Max,1.0
Range,0.0980392156862745
Variance,5.073060552770346E-4
Std. Dev,0.0225234556690805
