Measure,Value
Count,50.0
sum,2531.0
Mean,50.620000000000005
Min,44.0
Max,58.0
Range,14.0
Variance,9.05673469387755
Std. Dev,3.00944092712875
