Measure,Value
Count,50.0
sum,2595.0
Mean,51.900000000000006
Min,44.0
Max,67.0
Range,23.0
Variance,19.96938775510203
Std. Dev,4.468712091319157
