Measure,Value
Count,50.0
sum,2518.0
Mean,50.359999999999985
Min,45.0
Max,56.0
Range,11.0
Variance,5.745306122448971
Std. Dev,2.3969368207044948
