Measure,Value
Count,50.0
sum,2486.0
Mean,49.720000000000006
Min,44.0
Max,56.0
Range,12.0
Variance,7.022040816326524
Std. Dev,2.6499133601547284
