Measure,Value
Count,50.0
sum,42.36148333672665
Mean,0.8472296667345331
Min,0.8103448275862069
Max,0.8983050847457628
Range,0.08796025715955591
Variance,3.4741073953579034E-4
Std. Dev,0.01863895757642552
