Measure,Value
Count,50.0
sum,3012.0
Mean,60.24
Min,53.0
Max,79.0
Range,26.0
Variance,24.063673469387734
Std. Dev,4.905473827204435
