Measure,Value
Count,50.0
sum,47.235516428334165
Mean,0.9447103285666831
Min,0.9019607843137255
Max,0.9811320754716981
Range,0.07917129115797261
Variance,4.209898645028224E-4
Std. Dev,0.020518037540243034
