Measure,Value
Count,50.0
sum,2677.0
Mean,53.540000000000006
Min,47.0
Max,60.0
Range,13.0
Variance,8.988163265306124
Std. Dev,2.998026561807971
