Measure,Value
Count,50.0
sum,2632.0
Mean,52.64
Min,47.0
Max,59.0
Range,12.0
Variance,7.704489795918366
Std. Dev,2.775696272274466
