Measure,Value
Count,50.0
sum,2655.0
Mean,53.100000000000016
Min,48.0
Max,58.0
Range,10.0
Variance,4.7448979591836755
Std. Dev,2.178278668853844
