Measure,Value
Count,100.0
sum,7482.0
Mean,74.82
Min,69.0
Max,98.0
Range,29.0
Variance,28.856161616161614
Std. Dev,5.371793147186665
