Measure,Value
Count,100.0
sum,7615.0
Mean,76.14999999999999
Min,71.0
Max,100.0
Range,29.0
Variance,29.502525252525274
Std. Dev,5.43162270896325
