Measure,Value
Count,1508.0
sum,34505.0
Mean,22.881299734747948
Min,1.0
Max,108.0
Range,107.0
Variance,466.7125100547574
Std. Dev,21.603530036888817
