Measure,Value
Count,1343.0
sum,32723.0
Mean,24.36559940431868
Min,1.0
Max,108.0
Range,107.0
Variance,520.5942553595232
Std. Dev,22.816534692181527
