Measure,Value
Count,1572.0
sum,33274.0
Mean,21.166666666666647
Min,1.0
Max,108.0
Range,107.0
Variance,475.72013579461037
Std. Dev,21.811009508837742
