Measure,Value
Count,3080.0
sum,67779.0
Mean,22.00616883116882
Min,1.0
Max,108.0
Range,107.0
Variance,471.8918099357604
Std. Dev,21.723070914025033
