Measure,Value
Count,2659.0
sum,64378.0
Mean,24.211357653253096
Min,1.0
Max,108.0
Range,107.0
Variance,472.2954164781313
Std. Dev,21.7323587417043
