Measure,Value
Count,1316.0
sum,31655.0
Mean,24.053951367781174
Min,1.0
Max,102.0
Range,101.0
Variance,423.3149577588495
Std. Dev,20.57461926157686
