Measure,Count,sum,Mean,Min,Max,Range,Variance,Std. Dev
MCTS-Advanced,50.0,2724.0,54.480000000000004,50.0,60.0,10.0,6.866938775510205,2.6204844543538517
