Measure,Count,sum,Mean,Min,Max,Range,Variance,Std. Dev
RuleBased,50.0,3035.0,60.699999999999996,55.0,74.0,19.0,13.520408163265309,3.6770107646382146
