Measure,Count,sum,Mean,Min,Max,Range,Variance,Std. Dev
MCTS-Advanced,50.0,2726.0,54.519999999999996,49.0,60.0,11.0,5.4791836734693895,2.3407656169444624
