Measure,Value
Count,2726.0
sum,11288.0
Mean,4.1408657373440985
Min,0.0
Max,15.0
Range,15.0
Variance,11.973544057563261
Std. Dev,3.460280921769685
