Measure,Value
Count,2726.0
sum,19652.0
Mean,7.209097578870146
Min,0.0
Max,19.0
Range,19.0
Variance,27.239931882584916
Std. Dev,5.219188814613331
