Measure,Value
Count,2712.0
sum,11092.0
Mean,4.089970501474921
Min,0.0
Max,15.0
Range,15.0
Variance,11.860585465747002
Std. Dev,3.443920072496893
