Measure,Value
Count,3035.0
sum,21398.0
Mean,7.050411861614494
Min,0.0
Max,19.0
Range,19.0
Variance,26.970760377446588
Std. Dev,5.193338076559872
