Measure,Value
Count,2724.0
sum,19321.0
Mean,7.092878120411138
Min,0.0
Max,20.0
Range,20.0
Variance,26.42287985146387
Std. Dev,5.140319041797296
