Measure,Value
Count,2724.0
sum,10326.0
Mean,3.7907488986784093
Min,0.0
Max,15.0
Range,15.0
Variance,11.054251513862194
Std. Dev,3.324793454315951
