Measure,Value
Count,2712.0
sum,19549.0
Mean,7.208333333333334
Min,0.0
Max,20.0
Range,20.0
Variance,26.291881839419627
Std. Dev,5.127561002993492
