Measure,Value
Count,3035.0
sum,11994.0
Mean,3.9518945634266878
Min,0.0
Max,15.0
Range,15.0
Variance,11.681930325069306
Std. Dev,3.417883895785418
