Measure,Value
Count,50.0
sum,89.0
Mean,1.7799999999999996
Min,0.0
Max,3.0
Range,3.0
Variance,0.4200000000000001
Std. Dev,0.6480740698407861
