Measure,Value
Count,50.0
sum,75.0
Mean,1.5000000000000002
Min,0.0
Max,3.0
Range,3.0
Variance,0.3775510204081632
Std. Dev,0.6144518047887589
