Measure,Value
Count,50.0
sum,6.0
Mean,0.11999999999999998
Min,0.0
Max,1.0
Range,1.0
Variance,0.10775510204081633
Std. Dev,0.32826072265931594
